{"dataMetaTable":{"filePath":"appSystem","metric":{"startTime":1735133458000,"endTime":1735133460000,"fileCount":124},"command":[]},"businessTable":{"filePath":"business","metric":{"startTime":1735133460000,"endTime":1735133462000,"fileCount":100},"command":[]},"flowTable":null,"schedulerTable":null,"systemInfo":{"lessee":{"id":"1295914877696745472","companyName":"浩云科技","companyPhone":"1101100","companyAddress":"广东番禺","companyBusinessLicense":"http://www.haoyuntech.com/","accessName":"hy","legalPersonName":"测试","legalPersonId":"idididiidiuid","email":"super_id","status":1,"systemDefault":0,"remark":"str","version":"1","createdBy":"123456","modifiedBy":"123456","gmtCreate":1597805158000,"gmtModified":1597805158000,"deleteFlag":null},"application":{"applicationInfo":{"id":"1863902427148607488","lesseeAccessName":"hy","appName":"图书管理058符家峻","appCode":"book058","appShortNameEn":"图书管理058","appShortNameCn":"图书管理058","appLogoPic":null,"lastInstallVersion":null,"currentVersion":"1","accessName":"book058","remark":null,"version":"1","createdBy":"1295915065878388737","modifiedBy":"1295915065878388737","gmtCreate":1733223942000,"gmtModified":1733223947000,"deleteFlag":0,"status":2,"isCollected":null,"createdUserName":null,"homePageId":null,"loginPageId":null,"appConfigs":"[]","appLogFilePath":null,"hoverMenu":null,"groupList":[],"categoryList":[],"isCopy":null,"appVersion":null,"appVersionName":null},"applicationVersion":null,"businessCodes":[{"code":"1418509899297599488_insert_1628153613015","name":"新增[人员机构关联表]表信息"},{"code":"templateDownload","name":"templateDownload"},{"code":"basisdata_del_hrGroup","name":"删除[人员分组表]表信息"},{"code":"bis_api_1693287360395","name":"内置_自定义模板查询单个根据主键"},{"code":"1418509899649921024_list_1632385143273","name":"查询[分组人员关联表]列表信息"},{"code":"bis_api_1564920282030944257","name":"查询当前所有表名(不包含超级表)"},{"code":"1551376922779463680_update_1658712412622","name":"更新[附件资源管理表]表信息"},{"code":"basisdata_insert_org","name":"新增[机构信息表]表信息"},{"code":"refresh_kafka_endpoint","name":"刷新SAAS端kafka配置缓存"},{"code":"1704463581262786560_list_1695211191714","name":"查询[数据字典表]列表信息"},{"code":"get_apps","name":"查询应用列表分页版本"},{"code":"1864585481152258048_del_1733387018507","name":"删除[图书上架]表信息"},{"code":"bis_api_1658992149057","name":"新增[文件操作临时使用表]表信息1658992149057"},{"code":"bis_api_1663833782869962753","name":"自定义顶部栏鉴权"},{"code":"basisdata_insert_position","name":"新增[岗位信息表]表信息"},{"code":"1739644186036154368_update_insert_1703642012819","name":"更新插入[定时更新记录授权过期时间表]表信息"},{"code":"bis_api_1662035073920","name":"查询[JSON字段条件表]表详情"},{"code":"bis_api_1627523057243533313","name":"查询备份记录列表"},{"code":"1549273457236258816_detail_1658373236085","name":"查询[标签表]表详情"},{"code":"bis_api_1695275699494","name":"更新[数据字典表]表信息-禁用"},{"code":"bis_api_1648955207217983489","name":"复制[打印模板信息表]表信息"},{"code":"appInfo","name":"获取应用信息"},{"code":"1704463581262786560_import_1695276650310","name":"导入[数据字典表]表信息"},{"code":"bis_api_1662123180580","name":"删除[JSON字段条件表]表信息"},{"code":"bis_api_1637112477194","name":"定时推送系统公告"},{"code":"basisdata_list_hrMember","name":"查询[人员信息表]列表信息"},{"code":"basisdata_del_hrMember","name":"删除[人员信息表]表信息"},{"code":"bis_api_1865677895224942593","name":"统计每月图书分类借书量"},{"code":"bis_api_1744664890775318528","name":"新版权限授权"},{"code":"1434689250267377664_insert_1630891752853","name":"新增[测试附件]表信息"},{"code":"bis_api_1551813298339590145","name":"业务内容与模板关联"},{"code":"bis_api_1556832171203899393","name":"新的标书制作API"},{"code":"1434689250267377664_list_1630891753565","name":"查询[测试附件]列表信息"},{"code":"bis_api_1638244422153","name":"新增流程kafka代办消息"},{"code":"1343519969148809216_list_1620293772563","name":"查询[角色信息表]列表信息"},{"code":"1418509899649921024_del_1632385142756","name":"删除[分组人员关联表]表信息"},{"code":"bis_api_1655341529479","name":"当前用户全部消息标识已读"},{"code":"bis_api_1637652764172","name":"查询[表格自定义样式]表信息"},{"code":"bis_api_1620671810255335425","name":"启动复杂事件实例"},{"code":"1673952008111009792_del_1687936493896","name":"删除[页面快照数据]表信息"},{"code":"bis_api_1625016818919","name":"数据权限项树查询业务"},{"code":"1526530979349540864_update_1652789030180","name":"更新[JSON动态字段表]表信息"},{"code":"1712394246385971200_detail_1697101715711","name":"查询[JSON系统数据字典关联表]表详情"},{"code":"bis_api_1658804124131","name":"新增[标签组]关联批量新增"},{"code":"bis_api_1728640503852969985","name":"入库页面统计数据api"},{"code":"__system_get_dictionaries__","name":"按字典编码批量获取字典项"},{"code":"__system_get_user__","name":"获取当前登录用户信息"},{"code":"basisdata_update_hrGroup","name":"更新[人员分组表]表信息"},{"code":"1418509899150798848_update_1628164990522","name":"更新[人员岗位关联表]表信息"},{"code":"1526530979282432000_list_1652789010259","name":"查询[JSON片段表]列表信息"},{"code":"bis_api_1649835642339","name":"IM微应用注册V1.0"},{"code":"bis_api_1864845401915285505","name":"添加0上架数量"},{"code":"1551782248095821824_detail_1658815241934","name":"查询[文件操作临时使用表]表详情"},{"code":"bis_api_1765712104779821057","name":"更新手机端权限项"},{"code":"1864203582617575424_insert_1733296525007","name":"新增[图书分类管理]表信息"},{"code":"1526530979349540864_list_1652789031354","name":"查询[JSON动态字段表]列表信息"},{"code":"bis_api_1637314611780","name":"查看流程消息"},{"code":"1333649712808603648_update_1620293835324","name":"更新[用户账号表]表信息"},{"code":"bis_api_1628229858066","name":"查询用户(关联人员)"},{"code":"1514142289277104128_list_1649834834580","name":"查询[应用注册表]列表信息"},{"code":"system_app","name":"修改logo应用名"},{"code":"bis_api_1648233291935002625","name":"刷新元数据缓存"},{"code":"1549337305775484928_list_1658226382495","name":"查询[标签组]列表信息"},{"code":"1704463581262786560_export_1695286011642","name":"导出[数据字典表]表信息"},{"code":"bis_api_1681090032559","name":"校验下载备份包"},{"code":"bis_api_1638424729922","name":"查询系统公告详情"},{"code":"bis_api_1645850102962","name":"Excel数据_sheet属性"},{"code":"bis_api_1637669676630814721","name":"删除备份数据"},{"code":"1551375320702136320_insert_1658713703553","name":"新增[标签模板关系表]表信息"},{"code":"1551375320702136320_list_1658713707001","name":"查询[标签模板关系表]列表信息"},{"code":"bis_api_1652683815480","name":"业务权限授权策略查询"},{"code":"bis_api_1765646157884829697","name":"手机获取应用权限项"},{"code":"1864203582617575424_del_1733296525034","name":"删除[图书分类管理]表信息"},{"code":"bis_api_1664417531527","name":"word文档表单填充字段"},{"code":"system_get_dictionaries","name":"按字典编码批量获取字典项1672805453753"},{"code":"bis_api_1552173071228612609","name":"新增[标签模板关系表]建立模板与标签关系"},{"code":"1526530979492147200_del_1697170074996","name":"删除[JSON字典关联表]表信息"},{"code":"1551375320702136320_del_1658713705249","name":"删除[标签模板关系表]表信息"},{"code":"bis_api_1769583131469426689","name":"手机权限绑定关系"},{"code":"bis_api_1658716249300","name":"查询[标签模板关系表]已关联标签内容API"},{"code":"1865577941177360384_del_1733634051998","name":"删除[还书表]表信息"},{"code":"bis_api_1652948668633","name":"查看权限菜单模块"},{"code":"bis_api_1632469716521","name":"人员关联批量用户"},{"code":"bis_api_1695275445488","name":"更新[数据字典表]表信息-启用"},{"code":"1343522824660332544_insert_1627460592481","name":"新增[用户角色关联表]表信息"},{"code":"1551381265012371456_update_1658713161523","name":"更新[模板管理表]表信息"},{"code":"bis_api_1653035996675","name":"删除应用注册信息"},{"code":"1704463581262786560_insert_1695211190755","name":"新增[数据字典表]表信息"},{"code":"bis_api_1554374128423809025","name":"数据结构测试"},{"code":"bis_api_1625019468650","name":"数据权限策略保存业务"},{"code":"1715271413272817664_list_1697960623585","name":"查询[API操作日志表]列表信息"},{"code":"1418509899649921024_detail_1632385142958","name":"查询[分组人员关联表]表详情"},{"code":"1418509899649921024_insert_1632385142260","name":"新增[分组人员关联表]表信息"},{"code":"bis_api_1637653602834","name":"保存[表格样式自定义]数据"},{"code":"1551381265012371456_detail_1658713162878","name":"查询[模板管理表]表详情"},{"code":"bis_api_1712672532605317121","name":"删除JSON动态字段选项框关联信息"},{"code":"bis_api_1658112961743","name":"新增用户操作日志信息API"},{"code":"get_page_auth","name":"页面功能权限鉴权"},{"code":"1549337305775484928_del_1658226379936","name":"删除[tag_group]表信息"},{"code":"bis_api_1629180330034","name":"查询当前登录人的机构"},{"code":"system_template_analysis","name":"系统Excel分析API"},{"code":"1593074704602771456_detail_1669378808311","name":"查询[表单字段]表详情"},{"code":"bis_api_1627463419037","name":"功能权限授权策略查询"},{"code":"1680783981244723200_list_1689567416939","name":"查询[菜单配置]列表信息"},{"code":"1551375320702136320_detail_1658713706006","name":"查询[标签模板关系表]表详情"},{"code":"1343522824660332544_list_1629194804372","name":"查询[用户角色关联表]列表信息"},{"code":"bis_api_1686908447992","name":"查询应用任务中心列表"},{"code":"1551782248095821824_update_1658815240867","name":"更新[文件操作临时使用表]表信息"},{"code":"basisdata_update_org","name":"更新[机构信息表]表信息"},{"code":"bis_api_1686904874852","name":"查询某个字典信息"},{"code":"bis_api_1715291355359621121","name":"新增API操作日志入库"},{"code":"1673952008111009792_update_1687936493582","name":"更新[页面快照数据]表信息"},{"code":"bis_api_1552471328244772865","name":"制作标书"},{"code":"1549273457236258816_list_1658373237128","name":"查询[标签表]列表信息"},{"code":"1551375320702136320_update_1658713704418","name":"更新[标签模板关系表]表信息"},{"code":"bis_api_1636427290219","name":"新增系统公告"},{"code":"1547754615196495872_detail_1657851013684","name":"查询[应用配置表]表详情"},{"code":"bis_api_1685674537422","name":"用户批量操作日志解密API"},{"code":"permission_item_load","name":"权限项加载"},{"code":"1526530979349540864_detail_1652789030918","name":"查询[JSON动态字段表]表详情"},{"code":"bis_api_1693042665143","name":"内置_删除自定义模板"},{"code":"1434689250267377664_update_1630891753013","name":"更新[测试附件]表信息"},{"code":"bis_api_1649337287093399553","name":"OSS文件复制"},{"code":"1704463581262786560_download_1695276681703","name":"下载[数据字典表]表信息"},{"code":"1343522824660332544_del_1629194803867","name":"删除[用户角色关联表]表信息"},{"code":"1551376922779463680_detail_1658712414881","name":"查询[附件资源管理表]表详情"},{"code":"1865577941177360384_list_1733634052017","name":"查询[还书表]列表信息"},{"code":"system_get_app_menu","name":"获取所有激活的菜单"},{"code":"1526530979349540864_del_1652789030563","name":"删除[JSON动态字段表]表信息"},{"code":"bis_api_1739525188564955137","name":"返回当前应用授权过期时间提醒内容"},{"code":"bis_api_1652796645118","name":"IM微应用注册"},{"code":"1547754615196495872_update_1657851012120","name":"更新[应用配置表]表信息"},{"code":"bis_api_1693283057410","name":"内置_修改自定义模板及校验根据主键"},{"code":"1704463581262786560_detail_1695211191402","name":"查询[数据字典表]表详情"},{"code":"bis_api_1640263652870","name":"查询机构相关信息"},{"code":"1549273457236258816_update_1658373234588","name":"更新[标签表]表信息"},{"code":"bis_api_1713829471037042689","name":"查询对应应用配置了普通表单发起的页面信息"},{"code":"1865577941177360384_insert_1733634051979","name":"新增[还书表]表信息"},{"code":"bis_api_1653563416636","name":"删除JSON字段条件"},{"code":"bis_api_1658722012669","name":"新增[附件资源管理表]表信息1658722012669"},{"code":"1551381265012371456_list_1658713163772","name":"查询[模板管理表]列表信息"},{"code":"bis_api_1702253650413","name":"多端地址转换内置api"},{"code":"bis_api_1769973020933369857","name":"OSS直传凭证获取（sysdev）"},{"code":"bis_api_1658976051162","name":"查询[标签模板关系表]已关联标签详情API"},{"code":"1418509899297599488_detail_1628153613329","name":"查询[人员机构关联表]表详情"},{"code":"bis_api_1687177151712","name":"终止应用任务中心"},{"code":"bis_api_1657001317277","name":"查询本部门和下属部门"},{"code":"bis_api_1565156327095939073","name":"查询某张表所有字段"},{"code":"bis_api_1632359678531","name":"分组关联批量人员"},{"code":"1547754615196495872_del_1657851012922","name":"删除[应用配置表]表信息"},{"code":"1526530979282432000_update_1661940043263","name":"更新[JSON片段表]表信息"},{"code":"1526530979492147200_detail_1697170075150","name":"查询[JSON字典关联表]表详情"},{"code":"1864229213245956096_update_1733313717072","name":"更新[图书信息表]表信息"},{"code":"1864862959267635200_detail_1733454058203","name":"查询[借书人员信息表]表详情"},{"code":"_appinfo_","name":"获取应用信息"},{"code":"basisdata_insert_hrMember","name":"新增[人员信息表]表信息"},{"code":"bis_api_1767422663745220609","name":"手机端鉴权接口"},{"code":"1864585481152258048_insert_1733387018465","name":"新增[图书上架]表信息"},{"code":"bis_api_1652834884633","name":"API权限树查询"},{"code":"1673952008111009792_detail_1687936494070","name":"查询[页面快照数据]表详情"},{"code":"bis_api_1768522673782140929","name":"手机权限联调"},{"code":"bis_api_1864575569198211073","name":"图书分类启禁用"},{"code":"1343522824660332544_update_1629194804086","name":"更新[用户角色关联表]表信息"},{"code":"bis_api_1632983352960","name":"查询当前登录账户的姓名"},{"code":"bis_api_1699241166284","name":"【对外接口授权】新增用户账号信息"},{"code":"1418509899649921024_update_1632385142525","name":"更新[分组人员关联表]表信息"},{"code":"bis_api_1638411246039","name":"查看全部消息"},{"code":"bis_api_1642814121818861569","name":"应用参数配置--租户级列表"},{"code":"bis_api_1636075676095","name":"删除系统公告"},{"code":"bis_api_1662122786519","name":"修改[JSON字段条件表]表信息"},{"code":"1551782248095821824_list_1658815242679","name":"查询[文件操作临时使用表]列表信息"},{"code":"now","name":"当前时间函数"},{"code":"1343522824660332544_update_1627460592609","name":"更新[用户角色关联表]表信息"},{"code":"bis_api_1689904989826330625","name":"获取用户变量的值"},{"code":"1343519969148809216_update_1620293772425","name":"更新[角色信息表]表信息"},{"code":"bis_api_1632708427740","name":"修改业务集成业务配置"},{"code":"bis_api_1695283406421","name":"删除[数据字典表]表信息-树节点"},{"code":"__system_upload__","name":"文件上传"},{"code":"1343522824660332544_detail_1629194804187","name":"查询[用户角色关联表]表详情"},{"code":"1547754615196495872_list_1657851014820","name":"查询[应用配置表]列表信息"},{"code":"1551376922779463680_insert_1658712411576","name":"新增[附件资源管理表]表信息"},{"code":"bis_api_1632707878679","name":"查询业务集成业务配置列表"},{"code":"bis_api_1589961439257440257","name":"清除动态字段元数据缓存"},{"code":"1864834278700769280_list_1733446891931","name":"查询[借书]列表信息"},{"code":"1418509899297599488_list_1628153613614","name":"查询[人员机构关联表]列表信息"},{"code":"1549337305775484928_update_1658226378825","name":"更新[tag_group]表信息"},{"code":"send_operation_log_message","name":"用户操作日志发送kafka消息"},{"code":"1864585481152258048_detail_1733387018472","name":"查询[图书上架]表详情"},{"code":"__system_get_app_menu__","name":"获取所有激活的菜单"},{"code":"1333649712808603648_del_1620293835189","name":"删除[用户账号表]表信息"},{"code":"basisdata_detail_org","name":"查询[机构信息表]表详情"},{"code":"1526530979349540864_insert_1653450088031","name":"新增[JSON动态字段表]表信息"},{"code":"bis_api_1687177166425","name":"重试应用任务中心"},{"code":"basisdata_update_position","name":"更新[岗位信息表]表信息"},{"code":"1418509899297599488_del_1628153612794","name":"删除[人员机构关联表]表信息"},{"code":"1343522824660332544_del_1627460592355","name":"删除[用户角色关联表]表信息"},{"code":"bis_api_1662041974089","name":"新增[JSON字段条件表]表信息"},{"code":"1549337305775484928_insert_1658226377582","name":"新增[tag_group]表信息"},{"code":"bis_api_1551817245188042753","name":"查询[文件操作临时项目表]列表信息携带模板json及字段"},{"code":"bis_api_1645845862487","name":"Excel数据_筛选操作"},{"code":"news_release_1637997996993","name":"消息发布"},{"code":"1704463581262786560_del_1695211191249","name":"删除[数据字典表]表信息"},{"code":"bis_api_filter_update","name":"筛选器记录更新API"},{"code":"1526530979492147200_list_1697170075408","name":"查询[JSON字典关联表]列表信息"},{"code":"1673952008111009792_insert_1687936493139","name":"新增[页面快照数据]表信息"},{"code":"bis_api_1636027925113","name":"修改系统公告"},{"code":"bis_api_1864564713446072321","name":"下架图书"},{"code":"1526530979429232640_del_1652789042916","name":"删除[JSON自定义选项表]表信息"},{"code":"bis_api_1712401372047093761","name":"获取系统数据字典数据"},{"code":"bis_api_1644991694439","name":"查询人员用户信息"},{"code":"1526530979429232640_update_1652789042560","name":"更新[JSON自定义选项表]表信息"},{"code":"bis_api_1640970199224168449","name":"应用参数配置--详情"},{"code":"bis_api_1653562044050","name":"新增JSON字段条件"},{"code":"bis_api_1658806515147","name":"更新[标签组]关联批量更新"},{"code":"FileDownload","name":"文件下载v2.0"},{"code":"bis_api_1627457965658","name":"功能权限策略保存业务"},{"code":"cleanCache","name":"触发缓存清理"},{"code":"bis_api_1637639564677","name":"新增流程代办消息"},{"code":"bis_api_1620677464156155905","name":"停止复杂事件实例"},{"code":"bis_api_1687166775493","name":"查询某个字典项列表"},{"code":"1864862959267635200_insert_1733454058188","name":"新增[借书人员信息表]表信息"},{"code":"bis_api_1747793465208614913","name":"新版本菜单栏V2"},{"code":"id","name":"ID函数"},{"code":"bis_api_1637315201300","name":"系统公告已读"},{"code":"bis_api_1589908809000824832","name":"清除元数据缓存"},{"code":"bis_api_1628168260587","name":"查询人员1"},{"code":"bis_api_1627544586257838081","name":"切换账套"},{"code":"1333649712808603648_list_1620293835460","name":"查询[用户账号表]列表信息"},{"code":"bis_api_1864509438647230465","name":"图书分类启用"},{"code":"basisdata_insert_hrGroup","name":"新增[人员分组表]表信息"},{"code":"bis_api_1652867751078","name":"查询应用注册信息"},{"code":"1343522824660332544_insert_1629194803982","name":"新增[用户角色关联表]表信息"},{"code":"1547754615196495872_insert_1657851010940","name":"新增[应用配置表]表信息"},{"code":"1639151179097321472_list_1679657751670","name":"查询[应用系统备份操作历史记录]列表信息"},{"code":"1343519969148809216_insert_1620293772364","name":"新增[角色信息表]表信息"},{"code":"bis_api_1636602559198","name":"查询全部系统消息"},{"code":"bis_api_1658745931239","name":"新增[标签模板关系表]表信息1658745931239"},{"code":"bis_api_1692363470781165569","name":"OSS删除API"},{"code":"1669609463667109888_list_1686900953519","name":"查询[异步任务管理]列表信息"},{"code":"1418509899704446976_list_1632468047074","name":"查询[人员账户关联表]列表信息"},{"code":"1549273457236258816_del_1658373235363","name":"删除[标签表]表信息"},{"code":"1669609463667109888_detail_1686900952959","name":"查询[异步任务管理]表详情"},{"code":"bis_api_1652943483537","name":"保存API权限"},{"code":"bis_api_1632359250090","name":"岗位关联批量人员"},{"code":"bis_api_1645858336330","name":"Excel数据_通用保存操作"},{"code":"1551376922779463680_list_1658712415948","name":"查询[附件资源管理表]列表信息"},{"code":"1551381265012371456_del_1658713162209","name":"删除[模板管理表]表信息"},{"code":"1704463581262786560_update_1695211191017","name":"更新[数据字典表]表信息"},{"code":"basisdata_detail_hrGroup","name":"查询[人员分组表]表详情"},{"code":"1549273457236258816_insert_1658373233732","name":"新增[标签表]表信息"},{"code":"1526530979282432000_insert_1661940041846","name":"新增[JSON片段表]表信息"},{"code":"1864585481152258048_list_1733387018485","name":"查询[图书上架]列表信息"},{"code":"1715271413272817664_detail_1697960622287","name":"查询[API操作日志表]表详情"},{"code":"1864834278700769280_detail_1733446891915","name":"查询[借书]表详情"},{"code":"bis_api_1669610726047756289","name":"查询某表某字段数据类型及关联表主键"},{"code":"bis_api_1686907984487","name":"查询某个应用[异步任务管理]列表信息"},{"code":"1526530979282432000_detail_1652789009752","name":"查询[JSON片段表]表详情"},{"code":"1333649712808603648_detail_1620293835389","name":"查询[用户账号表]表详情"},{"code":"1535094014561366016_list_1658110242814","name":"查询[用户操作日志表]列表信息"},{"code":"1418509899704446976_insert_1632468045731","name":"新增[人员账户关联表]表信息"},{"code":"bis_api_1687152974310","name":"重试[异步任务管理]"},{"code":"bis_api_1671068356846956545","name":"自定义顶部栏列表"},{"code":"bis_api_1565637991488172033","name":"文件编辑中转文件系统api"},{"code":"bis_api_1636602373113","name":"查看未读消息"},{"code":"bis_api_1670731241164517377","name":"通过配置键获取配置值（入参）"},{"code":"1712394246385971200_insert_1697101713970","name":"新增[JSON系统数据字典关联表]表信息"},{"code":"bis_api_1627857112182960129","name":"获取当前用户账套信息"},{"code":"1526530979492147200_update_1697170074838","name":"更新[JSON字典关联表]表信息"},{"code":"bis_api_1645448798471","name":"Excel另存为功能接口"},{"code":"bis_api_filter_select","name":"筛选器记录查询API"},{"code":"bis_api_1572784632880050177","name":"保存画布信息"},{"code":"bis_api_1675687825300926465","name":"测试消息已读"},{"code":"basisdata_del_position","name":"删除[岗位信息表]表信息"},{"code":"bis_api_1627457952332","name":"功能权限项树查询业务"},{"code":"1526530979429232640_insert_1653450102180","name":"新增[JSON自定义选项表]表信息"},{"code":"basisdata_list_hrGroup","name":"查询[人员分组表]列表信息"},{"code":"1526530979429232640_list_1652789043572","name":"查询[JSON自定义选项表]列表信息"},{"code":"1343522824660332544_detail_1627460592746","name":"查询[用户角色关联表]表详情"},{"code":"1535094014561366016_detail_1658110241272","name":"查询[用户操作日志表]表详情"},{"code":"bis_api_1629273576379","name":"角色关联批量用户"},{"code":"bis_api_1679813532322","name":"查询[应用系统备份记录明细表]列表信息1679813532322"},{"code":"1864585481152258048_update_1733387018499","name":"更新[图书上架]表信息"},{"code":"1864834278700769280_insert_1733446891890","name":"新增[借书]表信息"},{"code":"basisdata_update_hrMember","name":"更新[人员信息表]表信息"},{"code":"1864834278700769280_del_1733446891911","name":"删除[借书]表信息"},{"code":"bis_api_1605549717553557505","name":"获取系统变量的值"},{"code":"bis_api_1704794748558127105","name":"数据字典-修改-回填所属实际值"},{"code":"1535094014561366016_export_1658128559713","name":"导出[用户操作日志表]表信息"},{"code":"bis_api_1864508519943659521","name":"图书分类禁用"},{"code":"bis_api_1664438174576","name":"word文档流程填充"},{"code":"bis_api_1637647811057168385","name":"切换账套（单个API）"},{"code":"1712394246385971200_del_1697101715445","name":"删除[JSON系统数据字典关联表]表信息"},{"code":"basisdata_del_org","name":"删除[机构信息表]表信息"},{"code":"1551782248095821824_insert_1658815240298","name":"新增[文件操作临时使用表]表信息"},{"code":"1864203582617575424_update_1733296525023","name":"更新[图书分类管理]表信息"},{"code":"bis_api_1864298486429540353","name":"新增图书分类"},{"code":"bis_api_1712314267375644673","name":"获取应用字典列表信息"},{"code":"1549337305775484928_detail_1658226381136","name":"查询[标签组]表详情"},{"code":"bis_api_1633384859806347265","name":"下载备份包"},{"code":"bis_api_1598953651622260737","name":"查询配置数据"},{"code":"bis_api_1631519375955","name":"统计角色下的人"},{"code":"1418509899150798848_insert_1628164990395","name":"新增[人员岗位关联表]表信息"},{"code":"bis_api_filter_delete","name":"筛选器记录删除API"},{"code":"1865577941177360384_update_1733634051988","name":"更新[还书表]表信息"},{"code":"1526530979429232640_detail_1652789043216","name":"查询[JSON自定义选项表]表详情"},{"code":"bis_api_1658376378164","name":"查询[标签表]系统已有标签类型和值"},{"code":"bis_api_1637649474622992384","name":"数据备份回调"},{"code":"bis_api_1694691909127254017","name":"内置_自定义模板列表查询"},{"code":"bis_api_1626231470128","name":"查询定时周期接下来几次执行时间"},{"code":"bis_api_1632302343181","name":"机构关联批量人员"},{"code":"1864229213245956096_insert_1733313717056","name":"新增[图书信息表]表信息"},{"code":"1864229213245956096_detail_1733313717097","name":"查询[图书信息表]表详情"},{"code":"1343519969148809216_detail_1620293772493","name":"查询[角色信息表]表详情"},{"code":"send_logs","name":"用户操作日志解密API"},{"code":"1551782248095821824_del_1658815241422","name":"删除[文件操作临时使用表]表信息"},{"code":"__template_analysis__","name":"模板解析"},{"code":"bis_api_1598953609373036545","name":"保存配置数据"},{"code":"basisdata_list_org","name":"查询[机构信息表]列表信息"},{"code":"bis_api_1658226573141","name":"查询[标签组]系统标签组"},{"code":"bis_api_filter_insert","name":"筛选器记录新增API"},{"code":"1551381265012371456_insert_1658920113361","name":"新增[模板管理表]表信息"},{"code":"bis_api_1687139429658","name":"终止[异步任务管理]状态"},{"code":"1526530979492147200_insert_1697170074666","name":"新增[JSON字典关联表]表信息"},{"code":"1864203582617575424_list_1733296525055","name":"查询[图书分类管理]列表信息"},{"code":"1864229213245956096_list_1733313717120","name":"查询[图书信息表]列表信息"},{"code":"bis_api_1662123301212","name":"删除[JSON片段表]表信息"},{"code":"1418509899150798848_del_1628164990232","name":"删除[人员岗位关联表]表信息"},{"code":"1865577941177360384_detail_1733634052001","name":"查询[还书表]表详情"},{"code":"basisdata_detail_hrMember","name":"查询[人员信息表]表详情"},{"code":"1639151179097321472_detail_1679657750950","name":"查询[应用系统备份操作历史记录]表详情"},{"code":"bis_api_1693271297492","name":"内置_保存自定义模板及校验"},{"code":"1418509899704446976_update_1632468046110","name":"更新[人员账户关联表]表信息"},{"code":"get_appinfo","name":"获取应用信息"},{"code":"bis_api_1658904965511","name":"新增[标签模板关系表]建立模板与标签关系批量版"},{"code":"bis_api_1658375864909","name":"更新[tag]标签值"},{"code":"bis_api_1623525646103883777","name":"查找根节点的后置节点列表"},{"code":"1864834278700769280_update_1733446891900","name":"更新[借书]表信息"},{"code":"1551376922779463680_del_1658712413660","name":"删除[附件资源管理表]表信息"},{"code":"bis_api_1620680664422690817","name":"删除复杂事件实例api"},{"code":"1343519969148809216_del_1620293772283","name":"删除[角色信息表]表信息"},{"code":"bis_api_1652923762343","name":"测试访问拦截的API"},{"code":"bis_api_1864496573819281409","name":"修改图书分类"},{"code":"1418509899150798848_list_1628164990981","name":"查询[人员岗位关联表]列表信息"},{"code":"1418509899150798848_detail_1628164990665","name":"查询[人员岗位关联表]表详情"},{"code":"1418509899704446976_detail_1632468046658","name":"查询[人员账户关联表]表详情"},{"code":"bis_api_1640657922612670465","name":"多数据源-重连"},{"code":"1864862959267635200_update_1733454058193","name":"更新[借书人员信息表]表信息"},{"code":"1864203582617575424_detail_1733296525039","name":"查询[图书分类管理]表详情"},{"code":"bis_api_1865654930592653313","name":"test"},{"code":"__system_download__","name":"文件下载"},{"code":"validateAppLicense","name":"校验应用license是否有效"},{"code":"1864862959267635200_del_1733454058200","name":"删除[借书人员信息表]表信息"},{"code":"1418509899704446976_del_1632468046415","name":"删除[人员账户关联表]表信息"},{"code":"bis_api_1679813949954","name":"查询应用系统备份记录主表列表"},{"code":"bis_api_1657004972799","name":"查询本部门"},{"code":"bis_api_1638409040332","name":"查询系统公告表消息列表"},{"code":"bis_api_1865660164203241473","name":"图书归还"},{"code":"1434689250267377664_del_1630891753164","name":"删除[测试附件]表信息"},{"code":"bis_api_1640973429001826305","name":"应用参数配置--列表"},{"code":"bis_api_1652683829393","name":"业务权限项树查询业务"},{"code":"1333649712808603648_insert_1620293835259","name":"新增[用户账号表]表信息"},{"code":"bis_api_1686905808667","name":"查询应用任务中心详情"},{"code":"basisdata_detail_position","name":"查询[岗位信息表]表详情"},{"code":"1864862959267635200_list_1733454058215","name":"查询[借书人员信息表]列表信息"},{"code":"bis_api_1652685317486","name":"业务权限策略保存业务"},{"code":"bis_api_1640996610748067841","name":"通过配置键获取配置值"},{"code":"bis_api_1640975060699328513","name":"应用参数配置--修改"},{"code":"1673952008111009792_list_1687936494490","name":"查询[页面快照数据]列表信息"},{"code":"1864229213245956096_del_1733313717091","name":"删除[图书信息表]表信息"},{"code":"bis_api_1626745396523","name":"新增定时任务"},{"code":"1418509899297599488_update_1628153613188","name":"更新[人员机构关联表]表信息"},{"code":"1712394246385971200_update_1697101714738","name":"更新[JSON系统数据字典关联表]表信息"},{"code":"basisdata_list_position","name":"查询[岗位信息表]列表信息"},{"code":"bis_api_1573185496283230208","name":"查询画布信息"},{"code":"1434689250267377664_detail_1630891753296","name":"查询[测试附件]表详情"},{"code":"bis_api_1627463403645","name":"数据权限授权策略查询"},{"code":"bis_api_1636106614928","name":"消息已读"}],"systemParams":null},"license":null,"sqlPatch":null,"packageCreator":{"name":"paas","version":"1.0.0","createTime":1735133458000},"installEnvironment":{"name":"saas","version":"1.0.0","saasVersion":"3.6.8.5"}},"attachments":{"filePath":"attachments","metric":{"startTime":1735133462000,"endTime":1735133462000,"fileCount":1},"command":[]},"uploadAction":null,"customPage":null,"preview":null,"appDeployVersion":3,"publishFullConfigData":null}
